ChallengeId,ribbons,name,pace1,meters,spm,pace2,pace3,gain1,all1,pace4,gain2,all1
1,/challenge/2008/12/,"30 minutes @ 20 spm",2008,12,T,1800
1,ribbons,name,pace,meters,spm,pace,pace,gain,all,pace,gain,all
1,None,Danny,1:43.3,8714,20,0.0,25,15,40,184,92,276,None
1,None,Si,1:45.5,8531,20,-2.8,24,4,28,211,73,284,None
1,None,Olly,1:48.1,8327,20,-4.7,23,2,25,91,26,117,None
1,None,Stu,1:48.6,8286,20,-2.3,22,8,30,180,92,272,None
1,None,GregC,1:49.2,8244,20,-2.6,21,5,26,71,27,98,None
1,None,Rocky,1:49.3,8232,20,2.4,20,19,39,170,91,261,None
1,None,JulesT,1:49.9,8187,20,-4.0,19,3,22,183,67,250,None
1,None,NavHaz,1:49.9,8186,18,2.3,18,18,36,137,75,212,None
1,None,DaveC,1:50.6,8136,20,-0.9,17,11,28,33,11,44,None
1,None,AndyB,1:51.9,8044,20,-0.3,16,13,29,101,89,190,None
1,None,toddler,1:52.9,7974,20,-2.3,15,8,23,152,78,230,None
1,None,Lancs,1:53.8,7910,20,None,14,None,14,125,91,216,None
1,None,stupe,1:53.8,7909,20,None,13,None,13,13,None,13,None
1,None,Rocket,1:53.9,7903,20,-0.6,12,12,24,98,81,179,None
1,None,George,1:55.8,7772,20,-0.1,11,14,25,70,66,136,None
1,None,Adrian,1:56.9,7699,19,9.8,10,21,31,89,98,187,None
1,None,MattN,1:56.9,7698,20,-1.0,9,10,19,91,83,174,None
1,None,Harry,1:58.3,7607,20,-2.5,8,6,14,17,6,23,None
1,None,DaveS,1:59.0,7563,19,5.7,7,20,27,79,96,175,None
1,None,Graham,1:59.3,7542,20,-1.6,6,9,15,55,65,120,None
1,None,Emma,2:05.4,7175,20,0.6,5,16,21,42,100,142,None
1,None,Arlene,2:13.8,6728,20,-6.4,4,1,5,15,17,32,None
1,None,MarkP,2:13.9,6720,20,None,3,None,3,3,None,3,None
1,None,Kay,2:15.0,6667,20,1.9,2,17,19,21,99,120,None
1,None,Jane,2:19.8,6438,20,-2.4,1,7,8,11,98,109,None
2,/challenge/2009/01/,"4 &times 1000 m, 5' rest",2009,1,D,4000
2,ribbons,name,pace,time,spm,pace,pace,gain,all,pace,gain,all
2,None,ausrwr,1:32.3,12:18.0,30,None,22,None,22,141,64,205,None
2,None,Si,1:36.9,12:54.8,29,8.6,21,2,23,232,75,307,None
2,None,Stu,1:37.6,13:00.7,33,11.0,20,5,25,200,97,297,None
2,None,JulesT,1:37.7,13:01.6,27,12.2,19,12,31,202,79,281,None
2,None,GregC,1:38.1,13:04.8,32,11.1,18,6,24,89,33,122,None
2,None,DaveC,1:39.0,13:12.3,30,11.6,17,9,26,50,20,70,None
2,None,Rocket,1:41.3,13:30.6,33,12.6,16,14,30,114,95,209,None
2,None,toddler,1:42.5,13:39.8,29,10.4,15,4,19,167,82,249,None
2,None,Adrian,1:44.1,13:53.1,29,12.8,14,15,29,103,113,216,None
2,None,stupe,1:44.6,13:56.4,26,9.2,13,3,16,26,3,29,None
2,None,MattN,1:45.4,14:03.4,32,11.5,12,8,20,103,91,194,None
2,None,Graham,1:47.2,14:17.8,31,12.1,11,11,22,66,76,142,None
2,None,Elchem,1:48.1,14:24.8,26,None,10,None,10,81,59,140,None
2,None,DaveS,1:52.4,14:59.5,27,6.6,9,1,10,88,97,185,None
2,None,jvb,1:52.8,15:02.7,30,None,8,None,8,31,47,78,None
2,None,Emma,1:54.2,15:13.6,28,11.2,7,7,14,49,107,156,None
2,None,Hannah,1:55.1,15:20.4,29,None,6,None,6,6,None,6,None
2,None,Arlene,1:55.4,15:23.1,30,18.4,5,17,22,20,34,54,None
2,None,LilSis,1:58.0,15:44.0,29,None,4,None,4,7,None,7,None
2,None,MarkP,1:59.8,15:58.3,28,14.1,3,16,19,6,16,22,None
2,None,Kay,2:02.6,16:20.9,28,12.4,2,13,15,23,112,135,None
2,None,Jane,2:07.9,17:03.0,29,11.9,1,10,11,12,108,120,None
3,/challenge/2009/02/,"2000 m",2009,2,D,2000
3,ribbons,name,pace,time,spm,pace,pace,gain,all,pace,gain,all
3,None,DaveC,1:36.8,6:27.3,34,2.2,23,14,37,73,34,107,None
3,None,JulesT,1:36.9,6:27.5,29,0.8,22,12,34,224,91,315,None
3,None,NavHaz,1:36.9,6:27.5,31,None,22,None,22,159,75,234,None
3,None,Stu,1:37.5,6:29.9,33,0.1,21,9,30,221,106,327,None
3,None,GregC,1:39.0,6:35.8,32,-0.9,20,6,26,109,39,148,None
3,None,toddler,1:40.4,6:41.7,30,2.1,19,13,32,186,95,281,None
3,None,Rocket,1:41.0,6:43.8,34,0.3,18,10,28,132,105,237,None
3,None,Si,1:41.1,6:44.2,23,-4.2,17,4,21,249,79,328,None
3,None,MikeVB,1:42.5,6:50.0,34,None,16,None,16,16,None,16,None
3,None,stupe,1:44.0,6:55.9,28,0.6,15,11,26,41,14,55,None
3,None,AndyB,1:44.4,6:57.4,30,None,14,None,14,115,89,204,None
3,None,George,1:46.2,7:04.9,28,None,13,None,13,83,66,149,None
3,None,MattN,1:46.6,7:06.4,31,-1.2,12,5,17,115,96,211,None
3,None,Adrian,1:48.9,7:15.5,26,-4.8,11,3,14,114,116,230,None
3,None,DaveS,1:49.0,7:16.0,28,3.4,10,15,25,98,112,210,None
3,None,Rocky,1:50.5,7:21.8,20,None,9,None,9,179,91,270,None
3,None,Emma,1:52.0,7:28.0,27,2.2,8,14,22,57,121,178,None
3,None,ausrwr,1:52.3,7:29.3,19,-20.0,7,1,8,148,65,213,None
3,None,Hannah,1:52.9,7:31.6,27,2.2,6,14,20,12,14,26,None
3,None,Arlene,1:55.1,7:40.2,32,0.3,5,10,15,25,44,69,None
3,None,Kay,2:03.1,8:12.2,27,-0.5,4,7,11,27,119,146,None
3,None,MarkP,2:06.5,8:25.8,28,-6.7,3,2,5,9,18,27,None
3,None,JudyT,2:07.5,8:29.8,27,None,2,None,2,4,None,4,None
3,None,Jane,2:08.3,8:33.2,29,-0.4,1,8,9,13,116,129,None
4,/challenge/2009/03/,"1000 m",2009,3,D,1000
4,ribbons,name,pace,time,spm,pace,pace,gain,all,pace,gain,all
4,None,Matteo,1:27.5,2:55.0,33,None,22,None,22,46,None,46,None
4,None,ausrwr,1:27.6,2:55.2,36,24.7,21,18,39,169,83,252,None
4,None,Olly,1:28.8,2:57.6,34,None,20,None,20,111,26,137,None
4,None,JulesT,1:33.5,3:07.0,30,3.4,19,7,26,243,98,341,None
4,None,toddler,1:34.1,3:08.1,33,6.3,18,11,29,204,106,310,None
4,None,Stu,1:34.8,3:09.5,38,2.7,17,6,23,238,112,350,None
4,None,NavHaz,1:35.0,3:09.9,25,1.9,16,5,21,175,80,255,None
4,None,DaveC,1:35.1,3:10.2,34,1.7,15,4,19,88,38,126,None
4,None,Si,1:36.0,3:12.0,28,5.1,14,9,23,263,88,351,None
4,None,AndyB,1:36.6,3:13.1,34,7.8,13,14,27,128,103,231,None
4,None,GregC,1:37.9,3:15.8,31,1.1,12,2,14,121,41,162,None
4,None,DaveS,1:38.4,3:16.7,34,10.6,11,17,28,109,129,238,None
4,None,Adrian,1:38.6,3:17.1,30,10.3,10,16,26,124,132,256,None
4,None,stupe,1:39.4,3:18.7,32,4.6,9,8,17,50,22,72,None
4,None,MattN,1:41.3,3:22.6,34,5.3,8,10,18,123,106,229,None
4,None,Emma,1:45.1,3:30.1,31,6.9,7,13,20,64,134,198,None
4,None,Hannah,1:46.1,3:32.1,31,6.8,6,12,18,18,26,44,None
4,None,Arlene,1:54.0,3:47.9,31,1.1,5,2,7,30,46,76,None
4,None,Kay,1:56.8,3:53.6,28,6.3,4,11,15,31,130,161,None
4,None,JudyT,1:58.8,3:57.6,29,8.7,3,15,18,7,15,22,None
4,None,Jane,2:06.9,4:13.7,30,1.4,2,3,5,15,119,134,None
4,None,Rocky,2:17.9,4:35.7,20,-27.4,1,1,2,180,92,272,None
5,/challenge/2009/04/,"6000 m",2009,4,D,6000
5,ribbons,name,pace,time,spm,pace,pace,gain,all,pace,gain,all
5,None,Olly,1:40.5,20:06.3,27,-11.7,20,8,28,131,34,165,None
5,None,Stu,1:42.8,20:33.2,29,-8.0,19,14,33,257,126,383,None
5,None,Danny,1:42.8,20:33.2,25,None,19,None,19,203,92,295,None
5,None,DaveC,1:43.8,20:45.8,27,-8.7,18,13,31,106,51,157,None
5,None,GregC,1:45.7,21:08.4,27,-7.8,17,15,32,138,56,194,None
5,None,Rocky,1:45.8,21:09.8,24,32.1,16,17,33,196,109,305,None
5,None,JulesT,1:46.0,21:11.9,22,-12.5,15,7,22,258,105,363,None
5,None,ausrwr,1:46.9,21:22.9,18,-19.3,14,2,16,183,85,268,None
5,None,ASH,1:47.0,21:24.3,26,None,13,None,13,157,67,224,None
5,None,stupe,1:48.4,21:40.8,27,-9.0,12,12,24,62,34,96,None
5,None,Elchem,1:50.3,22:03.6,None,None,11,None,11,92,59,151,None
5,None,MattN,1:50.4,22:04.3,29,-9.1,10,11,21,133,117,250,None
5,None,DaveS,1:52.9,22:35.0,26,-14.5,9,6,15,118,135,253,None
5,None,Adrian,1:54.2,22:50.2,24,-15.6,8,5,13,132,137,269,None
5,None,AndyB,1:54.6,22:55.2,24,-18.0,7,3,10,135,106,241,None
5,None,Hannah,1:56.0,23:12.1,28,-9.9,6,10,16,24,36,60,None
5,None,SteveV,1:56.1,23:13.6,22,None,5,None,5,20,None,20,None
5,None,toddler,1:57.3,23:27.3,21,-23.2,4,1,5,208,107,315,None
5,None,Arlene,2:01.1,24:13.4,27,-7.1,3,16,19,33,62,95,None
5,None,Kay,2:08.3,25:39.0,25,-11.5,2,9,11,33,139,172,None
5,None,Jane,2:23.0,28:35.4,None,-16.1,1,4,5,16,123,139,None
6,/challenge/2009/05/,"5000 m",2009,5,D,5000
6,ribbons,name,pace,time,spm,pace,pace,gain,all,pace,gain,all
6,None,Olly,1:36.9,16:09.0,31,None,25,None,25,25,None,25,None
6,None,Danny,1:40.1,16:41.4,27,None,24,None,24,24,None,24,None
6,None,ausrwr,1:40.4,16:43.5,24,None,23,None,23,23,None,23,None
6,None,Stu,1:42.3,17:03.2,29,None,22,None,22,22,None,22,None
6,None,DaveC,1:42.6,17:05.7,29,None,21,None,21,21,None,21,None
6,None,GregC,1:45.8,17:38.0,27,None,20,None,20,20,None,20,None
6,None,JulesT,1:45.9,17:38.8,22,None,19,None,19,19,None,19,None
6,None,ASH,1:45.9,17:39.0,26,None,18,None,18,18,None,18,None
6,None,AndyB,1:47.8,17:57.7,29,None,17,None,17,17,None,17,None
6,None,stupe,1:48.4,18:04.0,26,None,16,None,16,16,None,16,None
6,None,MattN,1:49.7,18:16.6,29,None,15,None,15,15,None,15,None
6,None,DaveS,1:51.3,18:33.1,24,None,14,None,14,14,None,14,None
6,None,George,1:51.6,18:36.2,None,None,13,None,13,13,None,13,None
6,None,Rocky,1:51.8,18:38.1,20,None,12,None,12,12,None,12,None
6,None,toddler,1:52.1,18:41.3,21,None,11,None,11,11,None,11,None
6,None,Adrian,1:52.6,18:46.2,20,None,10,None,10,10,None,10,None
6,None,Hannah,1:53.1,18:50.8,None,None,9,None,9,9,None,9,None
6,None,Graham,1:56.6,19:26.0,None,None,8,None,8,8,None,8,None
6,None,Emma,2:00.0,19:59.7,27,None,7,None,7,7,None,7,None
6,None,Damon,2:00.0,19:59.9,None,None,6,None,6,6,None,6,None
6,None,Arlene,2:01.9,20:18.9,27,None,5,None,5,5,None,5,None
6,None,Kay,2:07.7,21:17.1,25,None,4,None,4,4,None,4,None
6,None,JudyT,2:11.7,21:57.0,24,None,3,None,3,3,None,3,None
6,None,NavHaz,2:15.4,22:34.4,None,None,2,None,2,2,None,2,None
6,None,Jane,2:27.0,24:30.1,21,None,1,None,1,1,None,1,None
7,/challenge/2009/06/,"10,000 m",2009,6,D,10000
7,ribbons,name,pace,time,spm,pace,pace,gain,all,pace,gain,all
7,None,Stu,1:44.8,34:56.8,27,-2.5,18,12,30,40,12,52,None
7,None,Rocky,1:46.3,35:26.8,23,5.5,17,16,33,29,16,45,None
7,None,Danny,1:46.9,35:38.0,20,-6.8,16,5,21,40,5,45,None
7,None,GregC,1:48.0,36:00.0,25,-2.2,15,14,29,35,14,49,None
7,None,DaveC,1:49.0,36:19.8,25,-6.4,14,7,21,35,7,42,None
7,None,NavHaz,1:52.3,37:26.3,18,23.1,13,17,30,15,17,32,None
7,None,toddler,1:53.9,37:57.8,21,-1.8,12,15,27,23,15,38,None
7,None,AndyB,1:53.9,37:57.9,22,-6.1,11,10,21,28,10,38,None
7,None,JulesT,1:55.0,38:19.8,18,-9.1,10,3,13,29,3,32,None
7,None,stupe,1:55.0,38:19.9,24,-6.6,9,6,15,25,6,31,None
7,None,Adrian,1:55.4,38:28.4,24,-2.8,8,11,19,18,11,29,None
7,None,MattN,1:55.9,38:37.8,27,-6.2,7,9,16,22,9,31,None
7,None,DaveS,2:01.3,40:26.1,20,-10.0,6,1,7,20,1,21,None
7,None,Hannah,2:02.6,40:52.4,23,-9.5,5,2,7,14,2,16,None
7,None,Arlene,2:04.3,41:26.1,25,-2.4,4,13,17,9,13,22,None
7,None,Emma,2:09.5,43:09.2,25,-9.5,3,2,5,10,2,12,None
7,None,Kay,2:14.0,44:40.6,26,-6.3,2,8,10,6,8,14,None
7,None,JudyT,2:18.7,46:13.3,22,-7.0,1,4,5,4,4,8,None
8,/challenge/2009/07/,"4  750 m, 3' rest, @ 24/26/28/30 spm",2009,7,D,3000
8,ribbons,name,pace,time,spm,pace,pace,gain,all,pace,gain,all
8,None,ausrwr,1:31.6,9:09.7,27,None,19,None,19,42,None,42,None
8,None,Danny,1:32.4,9:14.6,27,14.5,18,13,31,58,18,76,None
8,None,NavHaz,1:33.8,9:22.8,27,18.5,17,17,34,32,34,66,None
8,None,Si,1:34.0,9:23.8,27,None,16,None,16,16,None,16,None
8,None,Rocky,1:36.2,9:37.2,27,10.1,15,4,19,44,20,64,None
8,None,JulesT,1:37.0,9:41.8,27,18.0,14,15,29,43,18,61,None
8,None,DaveC,1:37.0,9:42.0,27,12.0,13,10,23,48,17,65,None
8,None,Stu,1:38.0,9:47.9,27,6.8,12,3,15,52,15,67,None
8,None,Adrian,1:41.5,10:09.1,26,13.9,11,12,23,29,23,52,None
8,None,AndyB,1:42.1,10:12.8,27,11.8,10,9,19,38,19,57,None
8,None,toddler,1:42.3,10:13.9,26,11.6,9,7,16,32,22,54,None
8,None,GregC,1:44.3,10:25.5,27,3.7,8,1,9,43,15,58,None
8,None,stupe,1:44.5,10:27.2,26,10.5,7,6,13,32,12,44,None
8,None,MattN,1:45.5,10:32.8,27,10.4,6,5,11,28,14,42,None
8,None,DaveS,1:48.4,10:50.1,26,12.9,5,11,16,25,12,37,None
8,None,Emma,1:52.7,11:16.2,26,16.8,4,14,18,14,16,30,None
8,None,Arlene,2:00.2,12:01.3,25,4.1,3,2,5,12,15,27,None
8,None,JudyT,2:00.3,12:01.5,26,18.4,2,16,18,6,20,26,None
8,None,Kay,2:02.3,12:13.7,26,11.7,1,8,9,7,16,23,None
9,/challenge/2009/08/,"2000 m @ 24 spm",2009,8,D,2000
9,ribbons,name,pace,time,spm,pace,pace,gain,all,pace,gain,all
9,None,NavHaz,1:37.4,6:29.6,24,-3.6,21,10,31,53,44,97,None
9,None,Olly,1:37.9,6:31.7,23,None,20,None,20,45,None,45,None
9,None,DaveC,1:40.0,6:40.0,24,-3.0,19,12,31,67,29,96,None
9,None,Stu,1:40.5,6:41.8,24,-2.5,18,13,31,70,28,98,None
9,None,Hewitt,1:41.4,6:45.4,24,None,17,None,17,17,None,17,None
9,None,JulesT,1:41.8,6:47.3,23,-4.8,16,8,24,59,26,85,None
9,None,ausrwr,1:42.4,6:49.5,18,-10.8,15,2,17,57,2,59,None
9,None,Rocky,1:42.7,6:50.7,22,-6.5,14,4,18,58,24,82,None
9,None,toddler,1:44.1,6:56.5,24,-1.8,13,15,28,45,37,82,None
9,None,Danny,1:44.2,6:56.8,24,-11.8,12,1,13,70,19,89,None
9,None,Adrian,1:44.6,6:58.3,24,-3.1,11,11,22,40,34,74,None
9,None,AndyB,1:45.2,7:00.7,24,-3.1,10,11,21,48,30,78,None
9,None,stupe,1:46.2,7:04.7,24,-1.7,9,16,25,41,28,69,None
9,None,MattN,1:51.5,7:25.8,24,-6.0,8,5,13,36,19,55,None
9,None,GregC,1:52.2,7:28.7,22,-7.9,7,3,10,50,18,68,None
9,None,DaveS,1:53.8,7:35.2,23,-5.4,6,7,13,31,19,50,None
9,None,Rocket,1:54.7,7:38.7,24,None,5,None,5,5,None,5,None
9,None,Hannah,1:55.7,7:42.6,24,None,4,None,4,18,2,20,None
9,None,Arlene,2:04.0,8:16.0,23,-3.8,3,9,12,15,24,39,None
9,None,Kay,2:04.2,8:16.6,23,-1.9,2,14,16,9,30,39,None
9,None,JudyT,2:06.0,8:24.1,24,-5.7,1,6,7,7,26,33,None
10,/challenge/2009/09/,"5000 m",2009,9,D,5000
10,ribbons,name,pace,time,spm,pace,pace,gain,all,pace,gain,all
10,None,Olly,1:41.6,16:55.6,24,-3.7,20,7,27,65,7,72,None
10,None,Hewitt,1:42.0,17:00.4,30,-0.6,19,15,34,36,15,51,None
10,None,Stu,1:43.8,17:18.0,24,-3.3,18,8,26,88,36,124,None
10,None,NavHaz,1:44.0,17:20.2,20,-6.6,17,3,20,70,47,117,None
10,None,Danny,1:44.5,17:25.1,24,-0.3,16,16,32,86,35,121,None
10,None,DaveC,1:44.6,17:26.4,27,-4.6,15,6,21,82,35,117,None
10,None,JulesT,1:44.9,17:29.2,22,-3.1,14,9,23,73,35,108,None
10,None,Rocky,1:44.9,17:29.2,24,-2.2,14,12,26,72,36,108,None
10,None,ausrwr,1:45.0,17:30.0,20,-2.6,13,10,23,70,12,82,None
10,None,stupe,1:49.3,18:12.8,26,-3.1,12,9,21,53,37,90,None
10,None,GregC,1:50.0,18:19.7,24,2.2,11,19,30,61,37,98,None
10,None,toddler,1:50.3,18:22.9,24,-6.2,10,4,14,55,41,96,None
10,None,MattN,1:51.7,18:37.4,28,-0.2,9,17,26,45,36,81,None
10,None,Hannah,1:53.6,18:56.0,26,2.1,8,18,26,26,20,46,None
10,None,Rocket,1:55.7,19:17.4,25,-1.0,7,14,21,12,14,26,None
10,None,AndyB,1:56.4,19:24.0,24,-11.2,6,2,8,54,32,86,None
10,None,SteveV,1:57.2,19:32.1,20,None,5,None,5,5,None,5,None
10,None,Adrian,1:59.3,19:53.3,21,-14.7,4,1,5,44,35,79,None
10,None,Arlene,2:06.0,21:00.1,24,-2.0,3,13,16,18,37,55,None
10,None,Kay,2:06.7,21:07.4,26,-2.5,2,11,13,11,41,52,None
10,None,JudyT,2:11.9,21:58.9,25,-5.9,1,5,6,8,31,39,None
11,/challenge/2009/10/,"3  1000 m, 3' rest, @ 28 spm",2009,10,D,3000
11,ribbons,name,pace,time,spm,pace,pace,gain,all,pace,gain,all
11,None,Si,1:34.9,9:29.3,28,None,15,None,15,31,None,31,None
11,None,ausrwr,1:37.0,9:42.0,27,8.0,14,10,24,84,22,106,None
11,None,Hewitt,1:37.8,9:46.6,28,4.2,13,3,16,49,18,67,None
11,None,Stu,1:38.7,9:52.1,28,5.1,12,5,17,100,41,141,None
11,None,NavHaz,1:38.9,9:53.4,20,5.1,11,5,16,81,52,133,None
11,None,DaveC,1:39.2,9:55.0,28,5.4,10,7,17,92,42,134,None
11,None,toddler,1:41.7,10:10.1,27,8.6,9,11,20,64,52,116,None
11,None,GregC,1:44.4,10:26.2,25,5.6,8,9,17,69,46,115,None
11,None,Adrian,1:44.5,10:26.7,27,14.8,7,12,19,51,47,98,None
11,None,stupe,1:45.3,10:31.5,27,4.0,6,1,7,59,38,97,None
11,None,MattN,1:47.0,10:42.0,28,4.7,5,4,9,50,40,90,None
11,None,Hannah,1:49.5,10:57.1,30,4.1,4,2,6,30,22,52,None
11,None,Arlene,2:00.5,12:03.0,27,5.5,3,8,11,21,45,66,None
11,None,Kay,2:01.4,12:08.6,27,5.3,2,6,8,13,47,60,None
11,None,JudyT,2:03.9,12:23.2,27,8.0,1,10,11,9,41,50,None
12,/challenge/2009/11/,"Rugby Test: 1000 m, 3' rest; 750 m, 2'30 rest; 500 m, 2' rest; 750 m",2009,11,D,3000
12,ribbons,name,pace,time,spm,pace,pace,gain,all,pace,gain,all
12,None,Si,1:31.1,9:52.3,33,3.8,13,8,21,44,8,52,None
12,None,Danny,1:32.5,10:01.2,30,None,12,None,12,98,35,133,None
12,None,DaveC,1:37.9,10:36.4,29,1.3,11,4,15,103,46,149,None
12,None,NavHaz,1:38.0,10:36.9,20,0.9,10,3,13,91,55,146,None
12,None,Stu,1:38.5,10:40.3,31,0.2,9,2,11,109,43,152,None
12,None,toddler,1:38.9,10:42.9,30,2.8,8,6,14,72,58,130,None
12,None,GregC,1:41.1,10:56.9,29,3.3,7,7,14,76,53,129,None
12,None,stupe,1:41.2,10:58.0,31,4.1,6,9,15,65,47,112,None
12,None,AndyB,1:41.3,10:58.6,31,None,5,None,5,59,32,91,None
12,None,Adrian,1:42.0,11:03.1,29,2.5,4,5,9,55,52,107,None
12,None,DaveS,1:48.5,11:45.2,26,None,3,None,3,34,19,53,None
12,None,Arlene,1:57.2,12:41.8,28,3.3,2,7,9,23,52,75,None
12,None,Kay,2:02.5,13:16.1,27,-1.1,1,1,2,14,48,62,None
13,/challenge/2009/12/,"30 minutes",2009,12,T,1800
13,ribbons,name,pace,meters,spm,pace,pace,gain,all,pace,gain,all
13,None,ausrwr,1:42.6,8770,20,None,14,None,14,98,22,120,None
13,None,Hewitt,1:45.5,8532,27,None,13,None,13,62,18,80,None
13,None,Danny,1:45.7,8515,24,-13.2,12,2,14,110,37,147,None
13,None,Stu,1:46.9,8419,26,-8.4,11,6,17,120,49,169,None
13,None,GregC,1:47.7,8358,26,-6.6,10,10,20,86,63,149,None
13,None,Rocky,1:48.0,8333,22,None,9,None,9,81,36,117,None
13,None,DaveC,1:48.3,8312,25,-10.4,8,5,13,111,51,162,None
13,None,stupe,1:48.8,8269,26,-7.6,7,7,14,72,54,126,None
13,None,toddler,1:51.1,8103,23,-12.2,6,4,10,78,62,140,None
13,None,Adrian,1:54.5,7863,24,-12.5,5,3,8,60,55,115,None
13,None,AndyB,1:54.6,7851,24,-13.3,4,1,5,63,33,96,None
13,None,Rocket,1:55.0,7823,25,None,3,None,3,15,14,29,None
13,None,Arlene,2:04.3,7240,25,-7.1,2,9,11,25,61,86,None
13,None,Kay,2:09.7,6939,26,-7.2,1,8,9,15,56,71,None
14,/challenge/2010/01/,"6  500 m, 1' rest",2010,1,D,3000
14,ribbons,name,pace,time,spm,pace,pace,gain,all,pace,gain,all
14,None,Danny,1:30.4,9:02.4,31,15.3,18,12,30,128,49,177,None
14,None,Si,1:31.7,9:10.0,33,None,17,None,17,61,8,69,None
14,None,Matteo,1:32.1,9:12.3,25,None,16,None,16,16,None,16,None
14,None,ausrwr,1:32.6,9:15.6,24,10.0,15,5,20,113,27,140,None
14,None,NavHaz,1:33.6,9:21.4,32,None,14,None,14,105,55,160,None
14,None,Hewitt,1:34.3,9:25.9,30,11.2,13,8,21,75,26,101,None
14,None,DaveC,1:35.3,9:31.5,32,13.0,12,11,23,123,62,185,None
14,None,Stu,1:36.3,9:37.6,35,10.6,11,7,18,131,56,187,None
14,None,toddler,1:39.2,9:55.2,29,11.9,10,9,19,88,71,159,None
14,None,stupe,1:40.8,10:05.0,33,8.0,9,2,11,81,56,137,None
14,None,GregC,1:41.3,10:07.6,25,6.4,8,1,9,94,64,158,None
14,None,AndyB,1:41.7,10:10.4,30,12.9,7,10,17,70,43,113,None
14,None,Adrian,1:44.0,10:24.1,27,10.5,6,6,12,66,61,127,None
14,None,DaveS,1:48.5,10:51.2,27,None,5,None,5,39,19,58,None
14,None,Arlene,1:54.9,11:29.2,31,9.4,4,4,8,29,65,94,None
14,None,Claire,2:00.4,12:02.4,28,None,3,None,3,3,None,3,None
14,None,Kay,2:00.6,12:03.5,27,9.1,2,3,5,17,59,76,None
14,None,Jane,2:13.0,13:18.2,28,None,1,None,1,2,None,2,None
15,/challenge/2010/02/,"6000 m",2010,2,D,6000
15,ribbons,name,pace,time,spm,pace,pace,gain,all,pace,gain,all
15,None,Matteo,1:39.5,19:54.0,25,-7.4,15,8,23,31,8,39,None
15,None,Danny,1:42.7,20:32.0,26,-12.3,14,1,15,142,50,192,None
15,None,Hewitt,1:43.8,20:45.6,27,-9.5,13,5,18,88,31,119,None
15,None,DaveC,1:44.7,20:56.0,28,-9.4,12,6,18,135,68,203,None
15,None,Stu,1:46.5,21:17.4,24,-10.2,11,3,14,142,59,201,None
15,None,GregC,1:47.3,21:28.1,25,-6.0,10,10,20,104,74,178,None
15,None,Rocky,1:47.5,21:29.9,22,None,9,None,9,90,36,126,None
15,None,stupe,1:48.3,21:39.3,27,-7.5,8,7,15,89,63,152,None
15,None,toddler,1:49.9,21:59.2,24,-10.7,7,2,9,95,73,168,None
15,None,AndyB,1:52.4,22:28.5,25,-10.7,6,2,8,76,45,121,None
15,None,Adrian,1:54.2,22:49.8,25,-10.2,5,3,8,71,64,135,None
15,None,Emma,2:03.8,24:45.7,25,None,4,None,4,18,16,34,None
15,None,Arlene,2:04.9,24:59.3,26,-10.0,3,4,7,32,69,101,None
15,None,Kay,2:11.3,26:15.5,27,-10.7,2,2,4,19,61,80,None
15,None,Jane,2:19.2,27:50.8,27,-6.2,1,9,10,3,9,12,None
16,/challenge/2010/03/,"21,097 m",2010,3,D,21097
16,ribbons,name,pace,time,spm,pace,pace,gain,all,pace,gain,all
16,None,Danny,1:44.8,1:13:41.9,24,-2.1,12,9,21,154,59,213,None
16,None,Stu,1:48.0,1:15:55.3,25,-1.5,11,10,21,153,69,222,None
16,None,GregC,1:52.3,1:18:59.7,23,-5.0,10,5,15,114,79,193,None
16,None,toddler,1:53.2,1:19:36.4,22,-3.3,9,8,17,104,81,185,None
16,None,DaveC,1:54.2,1:20:18.8,23,-9.5,8,1,9,143,69,212,None
16,None,Adrian,1:58.6,1:23:25.3,24,-4.4,7,7,14,78,71,149,None
16,None,MattN,1:59.9,1:24:20.0,24,None,6,None,6,56,40,96,None
16,None,DaveS,2:06.9,1:29:16.5,22,None,5,None,5,44,19,63,None
16,None,Arlene,2:09.4,1:30:59.5,25,-4.5,4,6,10,36,75,111,None
16,None,Emma,2:09.9,1:31:21.1,24,-6.1,3,4,7,21,20,41,None
16,None,Kay,2:18.4,1:37:21.3,26,-7.1,2,3,5,21,64,85,None
16,None,Jane,2:26.7,1:43:10.6,25,-7.5,1,2,3,4,11,15,None
17,/challenge/2010/04/,"4  1000 m, 4' rest",2010,4,D,4000
17,ribbons,name,pace,time,spm,pace,pace,gain,all,pace,gain,all
17,None,Danny,1:32.5,12:20.2,30,12.3,14,4,18,168,63,231,None
17,None,NavHaz,1:37.8,13:02.8,21,None,13,None,13,118,55,173,None
17,None,DaveC,1:38.4,13:07.6,31,15.8,12,8,20,155,77,232,None
17,None,Stu,1:38.8,13:10.8,31,9.2,11,1,12,164,70,234,None
17,None,toddler,1:40.0,13:20.5,29,13.2,10,5,15,114,86,200,None
17,None,GregC,1:41.1,13:29.4,29,11.2,9,3,12,123,82,205,None
17,None,Adrian,1:41.8,13:34.7,30,16.8,8,10,18,86,81,167,None
17,None,stupe,1:43.5,13:48.0,30,None,7,None,7,96,63,159,None
17,None,AndyB,1:45.8,14:06.5,29,None,6,None,6,82,45,127,None
17,None,Emma,1:53.9,15:11.7,28,16.0,5,9,14,26,29,55,None
17,None,Arlene,2:00.0,16:00.0,28,9.4,4,2,6,40,77,117,None
17,None,Kay,2:03.0,16:24.2,28,15.4,3,7,10,24,71,95,None
17,None,Fiona,2:07.1,16:56.8,27,None,2,None,2,2,None,2,None
17,None,Jane,2:12.0,17:36.5,29,14.7,1,6,7,5,17,22,None
18,/challenge/2010/05/,"5000 m",2010,5,D,5000
18,ribbons,name,pace,time,spm,pace,pace,gain,all,pace,gain,all
18,None,Danny,1:43.4,17:14.0,25,None,18,None,18,18,None,18,None
18,None,DaveC,1:43.5,17:15.4,28,None,17,None,17,17,None,17,None
18,None,Stu,1:44.8,17:28.2,24,None,16,None,16,16,None,16,None
18,None,GregC,1:46.4,17:44.2,27,None,15,None,15,15,None,15,None
18,None,Rocky,1:46.6,17:46.2,25,None,14,None,14,14,None,14,None
18,None,toddler,1:47.7,17:57.7,24,None,13,None,13,13,None,13,None
18,None,stupe,1:48.8,18:08.1,26,None,12,None,12,12,None,12,None
18,None,Si,1:49.8,18:18.0,18,None,11,None,11,11,None,11,None
18,None,AndyB,1:52.6,18:46.7,25,None,10,None,10,10,None,10,None
18,None,Adrian,1:53.8,18:58.5,26,None,9,None,9,9,None,9,None
18,None,DaveS,1:57.4,19:34.3,24,None,8,None,8,8,None,8,None
18,None,Graham,1:57.6,19:36.5,24,None,7,None,7,7,None,7,None
18,None,Arlene,2:08.8,21:28.1,25,None,6,None,6,6,None,6,None
18,None,Kay,2:08.9,21:29.2,26,None,5,None,5,5,None,5,None
18,None,Fiona,2:13.4,22:14.3,26,None,4,None,4,4,None,4,None
18,None,JudyT,2:14.2,22:22.3,23,None,3,None,3,3,None,3,None
18,None,Jane,2:17.9,22:59.5,22,None,2,None,2,2,None,2,None
18,None,Claire,2:19.6,23:16.0,27,None,1,None,1,1,None,1,None
19,/challenge/2010/06/,"10,000 m @ 22 spm",2010,6,D,10000
19,ribbons,name,pace,time,spm,pace,pace,gain,all,pace,gain,all
19,None,Si,1:45.4,35:09.6,22,4.4,17,16,33,28,16,44,None
19,None,Danny,1:45.7,35:14.8,21,-2.3,16,13,29,34,13,47,None
19,None,Rocky,1:47.8,35:56.0,22,-1.2,15,14,29,29,14,43,None
19,None,Stu,1:48.5,36:11.0,22,-3.7,14,10,24,30,10,40,None
19,None,DaveC,1:48.9,36:18.1,22,-5.4,13,5,18,30,5,35,None
19,None,stupe,1:52.4,37:28.7,22,-3.6,12,11,23,24,11,35,None
19,None,toddler,1:52.4,37:29.2,22,-4.7,11,8,19,24,8,32,None
19,None,GregC,1:53.6,37:53.4,21,-7.2,10,4,14,25,4,29,None
19,None,Adrian,1:54.9,38:19.3,21,-1.1,9,15,24,18,15,33,None
19,None,AndyB,1:57.6,39:13.0,21,-5.0,8,7,15,18,7,25,None
19,None,Graham,2:01.7,40:35.6,22,-4.1,7,9,16,14,9,23,None
19,None,Emma,2:05.5,41:50.4,22,None,6,None,6,6,None,6,None
19,None,DaveS,2:06.6,42:13.1,21,-9.2,5,2,7,13,2,15,None
19,None,Arlene,2:12.2,44:05.1,22,-3.4,4,12,16,10,12,22,None
19,None,JudyT,2:22.4,47:29.0,22,-8.2,3,3,6,6,3,9,None
19,None,Kay,2:22.7,47:35.6,22,-13.8,2,1,3,7,1,8,None
19,None,Jane,2:23.2,47:45.0,22,-5.3,1,6,7,3,6,9,None
20,/challenge/2010/07/,"8  500 m, 2' rest",2010,7,D,4000
20,ribbons,name,pace,time,spm,pace,pace,gain,all,pace,gain,all
20,None,Danny,1:29.9,11:59.2,31,15.8,17,10,27,51,23,74,None
20,None,Si,1:31.4,12:11.2,33,14.0,16,8,24,44,24,68,None
20,None,NavHaz,1:33.6,12:28.8,30,None,15,None,15,15,None,15,None
20,None,Stu,1:35.1,12:41.5,36,13.4,14,6,20,44,16,60,None
20,None,Rocky,1:35.2,12:42.3,30,12.6,13,5,18,42,19,61,None
20,None,DaveC,1:37.0,12:56.2,28,11.9,12,4,16,42,9,51,None
20,None,toddler,1:38.6,13:09.2,29,13.8,11,7,18,35,15,50,None
20,None,AndyB,1:41.2,13:30.1,31,16.4,10,11,21,28,18,46,None
20,None,Adrian,1:41.5,13:32.5,30,13.4,9,6,15,27,21,48,None
20,None,stupe,1:42.3,13:38.5,29,10.1,8,1,9,32,12,44,None
20,None,GregC,1:43.3,13:46.4,28,10.3,7,2,9,32,6,38,None
20,None,Emma,1:48.4,14:27.3,30,17.1,6,12,18,12,12,24,None
20,None,Arlene,2:00.9,16:07.8,26,11.3,5,3,8,15,15,30,None
20,None,Kay,2:01.1,16:09.3,28,21.6,4,14,18,11,15,26,None
20,None,Fiona,2:03.1,16:25.3,29,None,3,None,3,7,None,7,None
20,None,JudyT,2:04.4,16:35.2,27,18.0,2,13,15,8,16,24,None
20,None,Jane,2:09.0,17:12.7,30,14.2,1,9,10,4,15,19,None
21,/challenge/2010/08/,"6000 m",2010,8,D,6000
21,ribbons,name,pace,time,spm,pace,pace,gain,all,pace,gain,all
21,None,Danny,1:39.4,19:52.9,27,-9.5,17,8,25,68,31,99,None
21,None,Si,1:41.3,20:16.4,26,-9.9,16,7,23,60,31,91,None
21,None,Rocky,1:43.1,20:38.2,27,-7.9,15,11,26,57,30,87,None
21,None,Stu,1:45.6,21:08.2,24,-10.5,14,4,18,58,20,78,None
21,None,DaveC,1:45.9,21:11.1,25,-8.9,13,10,23,55,19,74,None
21,None,ausrwr,1:49.4,21:53.1,19,None,12,None,12,12,None,12,None
21,None,toddler,1:49.7,21:57.0,24,-11.1,11,3,14,46,18,64,None
21,None,GregC,1:50.0,22:00.0,24,-6.7,10,13,23,42,19,61,None
21,None,AndyB,1:51.3,22:16.5,26,-10.1,9,5,14,37,23,60,None
21,None,stupe,1:51.7,22:20.4,24,-9.4,8,9,17,40,21,61,None
21,None,Adrian,1:52.7,22:33.3,26,-11.2,7,2,9,34,23,57,None
21,None,Graham,1:57.6,23:31.9,25,None,6,None,6,20,9,29,None
21,None,Emma,2:02.4,24:29.2,25,-14.0,5,1,6,17,13,30,None
21,None,Arlene,2:08.7,25:45.0,24,-7.8,4,12,16,19,27,46,None
21,None,Kay,2:12.2,26:26.5,25,-11.1,3,3,6,14,18,32,None
21,None,Fiona,2:13.1,26:37.8,26,-10.0,2,6,8,9,6,15,None
21,None,Claire,2:19.4,27:53.2,28,None,1,None,1,2,None,2,None
22,/challenge/2010/09/,"10  1', 1' rest, rolling starts allowed",2010,9,T,600
22,ribbons,name,pace,meters,spm,pace,pace,gain,all,pace,gain,all
22,None,ausrwr,1:28.5,3389,None,20.9,17,13,30,29,13,42,None
22,None,NavHaz,1:28.8,3379,None,None,16,None,16,31,None,31,None
22,None,Danny,1:29.0,3369,32,10.4,15,1,16,83,32,115,None
22,None,Si,1:29.7,3346,33,11.6,14,3,17,74,34,108,None
22,None,DaveC,1:32.1,3256,33,13.8,13,8,21,68,27,95,None
22,None,Stu,1:32.2,3254,41,13.4,12,5,17,70,25,95,None
22,None,toddler,1:36.2,3119,None,13.5,11,6,17,57,24,81,None
22,None,GregC,1:36.3,3114,34,13.7,10,7,17,52,26,78,None
22,None,Matteo,1:37.4,3080,None,None,9,None,9,9,None,9,None
22,None,MattN,1:37.8,3069,None,None,8,None,8,8,None,8,None
22,None,AndyB,1:39.1,3027,33,12.2,7,4,11,44,27,71,None
22,None,Adrian,1:41.2,2964,29,11.5,6,2,8,40,25,65,None
22,None,George,1:43.0,2912,None,None,5,None,5,5,None,5,None
22,None,Emma,1:45.0,2856,30,17.4,4,12,16,21,25,46,None
22,None,Arlene,1:53.5,2643,28,15.2,3,11,14,22,38,60,None
22,None,Kay,1:57.5,2554,29,14.7,2,9,11,16,27,43,None
22,None,Fiona,1:58.1,2541,31,15.0,1,10,11,10,16,26,None
23,/challenge/2010/10/,"4  1250 m, 3'30 rest, @ 28 spm",2010,10,D,5000
23,ribbons,name,pace,time,spm,pace,pace,gain,all,pace,gain,all
23,None,Danny,1:36.4,16:04.4,28,-7.4,12,7,19,95,39,134,None
23,None,Si,1:36.7,16:07.0,28,-7.0,11,8,19,85,42,127,None
23,None,NavHaz,1:37.7,16:17.3,28,-8.9,10,3,13,41,3,44,None
23,None,DaveC,1:40.8,16:48.5,27,-8.7,9,4,13,77,31,108,None
23,None,Stu,1:41.5,16:55.6,28,-9.3,8,2,10,78,27,105,None
23,None,GregC,1:44.4,17:24.6,27,-8.1,7,6,13,59,32,91,None
23,None,toddler,1:44.6,17:26.6,27,-8.4,6,5,11,63,29,92,None
23,None,stupe,1:50.2,18:22.6,25,None,5,None,5,45,21,66,None
23,None,Adrian,1:51.5,18:35.8,26,-10.3,4,1,5,44,26,70,None
23,None,DaveS,1:57.0,19:30.8,23,None,3,None,3,16,2,18,None
23,None,Arlene,2:00.3,20:03.7,26,-6.8,2,9,11,24,47,71,None
23,None,Kay,2:06.8,21:08.0,26,-9.3,1,2,3,17,29,46,None
24,/challenge/2010/11/,"2000 m",2010,11,D,2000
24,ribbons,name,pace,time,spm,pace,pace,gain,all,pace,gain,all
24,None,ausrwr,1:31.1,6:04.6,33,None,15,None,15,44,13,57,None
24,None,Danny,1:32.8,6:11.3,32,3.6,14,10,24,109,49,158,None
24,None,NavHaz,1:36.4,6:25.6,32,1.3,13,4,17,54,7,61,None
24,None,Gittus,1:36.7,6:26.9,32,None,12,None,12,12,None,12,None
24,None,Stu,1:38.4,6:33.8,34,3.1,11,7,18,89,34,123,None
24,None,toddler,1:41.4,6:45.9,27,3.2,10,8,18,73,37,110,None
24,None,Si,1:41.9,6:47.6,26,-5.2,9,2,11,94,44,138,None
24,None,GregC,1:42.9,6:51.8,28,1.5,8,5,13,67,37,104,None
24,None,DaveC,1:48.3,7:13.2,22,-7.5,7,1,8,84,32,116,None
24,None,Rocket,1:49.6,7:18.4,29,None,6,None,6,6,None,6,None
24,None,Emma,1:49.8,7:19.4,29,None,5,None,5,26,25,51,None
24,None,Adrian,1:49.9,7:19.7,27,1.6,4,6,10,48,32,80,None
24,None,AndyB,1:56.8,7:47.2,23,None,3,None,3,47,27,74,None
24,None,Arlene,1:57.0,7:48.0,27,3.3,2,9,11,26,56,82,None
24,None,Kay,2:05.6,8:22.4,27,1.2,1,3,4,18,32,50,None
25,/challenge/2010/12/,"8000 m @ 24 spm",2010,12,D,8000
25,ribbons,name,pace,time,spm,pace,pace,gain,all,pace,gain,all
25,None,Matteo,1:40.5,26:48.0,24,None,16,None,16,25,None,25,None
25,None,Si,1:43.6,27:38.6,24,-1.7,15,10,25,109,54,163,None
25,None,Danny,1:44.7,27:56.0,24,-11.9,14,4,18,123,53,176,None
25,None,Stu,1:46.6,28:26.5,24,-8.2,13,6,19,102,40,142,None
25,None,GregC,1:49.9,29:19.1,23,-7.0,12,9,21,79,46,125,None
25,None,Rocky,1:50.0,29:20.2,24,None,11,None,11,68,30,98,None
25,None,stupe,1:51.2,29:40.3,24,None,10,None,10,55,21,76,None
25,None,NavHaz,1:51.4,29:43.3,20,-15.0,9,2,11,63,9,72,None
25,None,toddler,1:51.7,29:47.6,23,-10.3,8,5,13,81,42,123,None
25,None,AndyB,1:54.3,30:29.4,23,2.5,7,11,18,54,38,92,None
25,None,Adrian,1:57.7,31:23.2,24,-7.8,6,7,13,54,39,93,None
25,None,DaveS,2:03.1,32:49.6,19,None,5,None,5,21,2,23,None
25,None,Arlene,2:04.6,33:14.4,23,-7.6,4,8,12,30,64,94,None
25,None,Hannah,2:06.5,33:44.1,24,None,3,None,3,3,None,3,None
25,None,DaveC,2:09.1,34:26.2,20,-20.8,2,1,3,86,33,119,None
25,None,Kay,2:18.5,36:56.9,24,-12.9,1,3,4,19,35,54,None
26,/challenge/2011/01/,"5  750 m, 2' rest",2011,1,D,3750
26,ribbons,name,pace,time,spm,pace,pace,gain,all,pace,gain,all
26,None,Si,1:33.9,11:44.5,32,9.7,13,4,17,122,58,180,None
26,None,NavHaz,1:36.8,12:06.1,24,14.6,12,13,25,75,22,97,None
26,None,GregC,1:39.9,12:29.2,31,10.0,11,6,17,90,52,142,None
26,None,Stu,1:39.9,12:29.6,25,6.7,10,1,11,112,41,153,None
26,None,stupe,1:42.9,12:51.4,30,8.3,9,3,12,64,24,88,None
26,None,AndyB,1:43.0,12:52.2,29,11.3,8,9,17,62,47,109,None
26,None,toddler,1:43.8,12:58.5,28,7.9,7,2,9,88,44,132,None
26,None,Adrian,1:47.2,13:24.0,27,10.5,6,7,13,60,46,106,None
26,None,DaveS,1:50.3,13:46.9,26,12.8,5,10,15,26,12,38,None
26,None,Hannah,1:53.1,14:08.2,29,13.4,4,11,15,7,11,18,None
26,None,Arlene,1:54.7,14:20.1,29,9.9,3,5,8,33,69,102,None
26,None,DaveC,1:55.0,14:22.2,30,14.1,2,12,14,88,45,133,None
26,None,Kay,2:07.6,15:57.3,28,10.9,1,8,9,20,43,63,None
27,/challenge/2011/02/,"30 minutes @ 20 spm",2011,2,T,1800
27,ribbons,name,pace,meters,spm,pace,pace,gain,all,pace,gain,all
27,None,Matteo,1:44.0,8654,19,None,15,None,15,40,None,40,None
27,None,Si,1:46.7,8432,20,-12.8,14,3,17,136,61,197,None
27,None,Rocky,1:46.9,8418,20,None,13,None,13,81,30,111,None
27,None,NavHaz,1:49.1,8251,20,-12.3,12,4,16,87,26,113,None
27,None,Gittus,1:49.1,8249,20,None,11,None,11,23,None,23,None
27,None,GregC,1:51.8,8052,20,-11.9,10,5,15,100,57,157,None
27,None,stupe,1:51.9,8040,20,-9.0,9,11,20,73,35,108,None
27,None,AndyB,1:53.8,7909,20,-10.8,8,8,16,70,55,125,None
27,None,toddler,1:55.1,7818,20,-11.3,7,7,14,95,51,146,None
27,None,Adrian,1:56.6,7719,20,-9.4,6,10,16,66,56,122,None
27,None,DaveC,1:59.8,7515,20,-4.8,5,12,17,93,57,150,None
27,None,DaveS,2:00.6,7465,18,-10.3,4,9,13,30,21,51,None
27,None,Hannah,2:04.6,7223,20,-11.5,3,6,9,10,17,27,None
27,None,Arlene,2:15.1,6662,19,-20.4,2,1,3,35,70,105,None
27,None,Kay,2:23.1,6291,20,-15.5,1,2,3,21,45,66,None
28,/challenge/2011/03/,"4  500 m, 2' rest",2011,3,D,2000
28,ribbons,name,pace,time,spm,pace,pace,gain,all,pace,gain,all
28,None,Si,1:29.1,5:56.3,36,17.6,12,5,17,148,66,214,None
28,None,NavHaz,1:29.3,5:57.0,34,19.8,11,7,18,98,33,131,None
28,None,Stu,1:34.0,6:15.8,42,None,10,None,10,122,41,163,None
28,None,Gittus,1:34.1,6:16.4,33,15.0,9,1,10,32,1,33,None
28,None,DaveC,1:35.5,6:22.1,31,24.3,8,10,18,101,67,168,None
28,None,GregC,1:36.7,6:26.9,34,15.1,7,2,9,107,59,166,None
28,None,toddler,1:37.2,6:28.6,33,17.9,6,6,12,101,57,158,None
28,None,AndyB,1:38.1,6:32.5,31,15.7,5,3,8,75,58,133,None
28,None,Adrian,1:40.2,6:40.8,32,16.4,4,4,8,70,60,130,None
28,None,DaveS,1:40.8,6:43.3,32,19.8,3,7,10,33,28,61,None
28,None,Arlene,1:55.2,7:40.7,30,19.9,2,8,10,37,78,115,None
28,None,Kay,2:00.6,8:02.5,29,22.5,1,9,10,22,54,76,None
29,/challenge/2011/04/,"1000 m",2011,4,D,1000
29,ribbons,name,pace,time,spm,pace,pace,gain,all,pace,gain,all
29,None,Si,1:32.8,3:05.6,32,-3.7,13,5,18,161,71,232,None
29,None,DaveC,1:35.7,3:11.3,32,-0.2,12,10,22,113,77,190,None
29,None,Gittus,1:36.2,3:12.4,34,-2.1,11,6,17,43,7,50,None
29,None,toddler,1:37.7,3:15.3,32,-0.5,10,8,18,111,65,176,None
29,None,Stu,1:37.8,3:15.6,36,-3.8,9,4,13,131,45,176,None
29,None,GregC,1:38.7,3:17.3,32,-2.0,8,7,15,115,66,181,None
29,None,AndyB,1:42.2,3:24.4,29,-4.1,7,3,10,82,61,143,None
29,None,stupe,1:44.5,3:28.9,27,None,6,None,6,79,35,114,None
29,None,DaveS,1:45.0,3:29.9,29,-4.2,5,2,7,38,30,68,None
29,None,Hannah,1:47.9,3:35.8,31,None,4,None,4,14,17,31,None
29,None,Arlene,1:55.0,3:49.9,29,0.2,3,11,14,40,89,129,None
29,None,Adrian,1:59.4,3:58.8,20,-19.2,2,1,3,72,61,133,None
29,None,Kay,2:01.0,4:02.0,30,-0.4,1,9,10,23,63,86,None
30,/challenge/2011/05/,"5000 m",2011,5,D,5000
30,ribbons,name,pace,time,spm,pace,pace,gain,all,pace,gain,all
30,None,Si,1:38.8,16:27.9,28,None,18,None,18,18,None,18,None
30,None,Rocky,1:43.0,17:10.1,27,None,17,None,17,17,None,17,None
30,None,Gittus,1:43.8,17:18.4,26,None,16,None,16,16,None,16,None
30,None,GregC,1:44.9,17:28.5,28,None,15,None,15,15,None,15,None
30,None,DaveC,1:45.8,17:38.1,26,None,14,None,14,14,None,14,None
30,None,Stu,1:46.5,17:45.2,28,None,13,None,13,13,None,13,None
30,None,stupe,1:47.5,17:55.1,25,None,12,None,12,12,None,12,None
30,None,MattN,1:49.6,18:16.2,29,None,11,None,11,11,None,11,None
30,None,toddler,1:51.3,18:32.9,24,None,10,None,10,10,None,10,None
30,None,AndyB,1:52.8,18:48.0,24,None,9,None,9,9,None,9,None
30,None,DaveS,1:54.0,19:00.1,24,None,8,None,8,8,None,8,None
30,None,Hannah,1:54.8,19:07.6,27,None,7,None,7,7,None,7,None
30,None,Adrian,1:55.0,19:09.5,25,None,6,None,6,6,None,6,None
30,None,Rocket,1:56.0,19:19.7,26,None,5,None,5,5,None,5,None
30,None,NavHaz,1:57.9,19:38.6,24,None,4,None,4,4,None,4,None
30,None,Arlene,2:02.4,20:23.8,26,None,3,None,3,3,None,3,None
30,None,Kay,2:11.7,21:57.3,26,None,2,None,2,2,None,2,None
30,None,Jane,2:17.5,22:55.1,27,None,1,None,1,1,None,1,None
31,/challenge/2011/06/,"60 minutes",2011,6,T,3600
31,ribbons,name,pace,meters,spm,pace,pace,gain,all,pace,gain,all
31,None,Stu,1:49.8,16387,24,-3.3,13,11,24,26,11,37,None
31,None,Rocky,1:50.3,16323,23,-7.3,12,5,17,29,5,34,None
31,None,DaveC,1:51.3,16166,22,-5.5,11,7,18,25,7,32,None
31,None,stupe,1:54.7,15694,23,-7.2,10,6,16,22,6,28,None
31,None,toddler,1:55.6,15569,22,-4.3,9,10,19,19,10,29,None
31,None,Rocket,1:58.1,15241,25,-2.1,8,12,20,13,12,25,None
31,None,AndyB,1:58.3,15220,23,-5.5,7,7,14,16,7,23,None
31,None,DaveS,1:59.1,15111,22,-5.1,6,8,14,14,8,22,None
31,None,Hannah,1:59.2,15107,25,-4.4,5,9,14,12,9,21,None
31,None,Adrian,2:08.4,14021,23,-13.4,4,2,6,10,2,12,None
31,None,Arlene,2:12.3,13605,25,-9.9,3,4,7,6,4,10,None
31,None,NavHaz,2:18.5,13000,24,-20.6,2,1,3,6,1,7,None
31,None,Kay,2:22.9,12592,25,-11.2,1,3,4,3,3,6,None
32,/challenge/2011/07/,"10,000 m",2011,7,D,10000
32,ribbons,name,pace,time,spm,pace,pace,gain,all,pace,gain,all
32,None,Rocky,1:46.0,35:19.0,24,4.3,11,7,18,40,12,52,None
32,None,Stu,1:48.9,36:18.4,25,0.9,10,2,12,36,13,49,None
32,None,DaveC,1:49.1,36:21.0,24,2.2,9,4,13,34,11,45,None
32,None,stupe,1:51.2,37:04.0,24,3.5,8,6,14,30,12,42,None
32,None,AndyB,1:53.7,37:54.8,24,4.6,7,8,15,23,15,38,None
32,None,GregC,1:55.4,38:27.4,21,None,6,None,6,21,None,21,None
32,None,Rocket,1:55.9,38:38.8,26,2.2,5,4,9,18,16,34,None
32,None,DaveS,1:57.6,39:11.8,24,1.5,4,3,7,18,11,29,None
32,None,toddler,1:57.8,39:15.7,21,-2.2,3,1,4,22,11,33,None
32,None,Arlene,2:10.0,43:19.7,24,2.3,2,5,7,8,9,17,None
32,None,Kay,2:16.1,45:22.1,25,6.8,1,9,10,4,12,16,None
33,/challenge/2011/08/,"5  1000 m, 3' rest, @ 24 spm",2011,8,D,5000
33,ribbons,name,pace,time,spm,pace,pace,gain,all,pace,gain,all
33,None,Si,1:38.7,16:26.6,24,None,16,None,16,34,None,34,None
33,None,Rocky,1:40.9,16:49.3,24,5.1,15,1,16,55,13,68,None
33,None,Stu,1:42.7,17:06.8,24,6.2,14,5,19,50,18,68,None
33,None,DaveC,1:43.5,17:15.2,24,5.6,13,2,15,47,13,60,None
33,None,stupe,1:45.4,17:33.9,24,5.8,12,3,15,42,15,57,None
33,None,GregC,1:45.6,17:35.6,24,9.8,11,9,20,32,9,41,None
33,None,toddler,1:46.9,17:49.0,24,10.9,10,10,20,32,21,53,None
33,None,Rocket,1:47.2,17:52.3,24,8.7,9,7,16,27,23,50,None
33,None,JohnVB,1:47.2,17:52.4,24,None,8,None,8,8,None,8,None
33,None,AndyB,1:47.8,17:57.7,24,5.9,7,4,11,30,19,49,None
33,None,NavHaz,1:48.9,18:08.5,16,None,6,None,6,12,1,13,None
33,None,DaveS,1:50.9,18:28.6,22,6.7,5,6,11,23,17,40,None
33,None,Adrian,1:52.3,18:43.2,23,None,4,None,4,14,2,16,None
33,None,Arlene,2:00.3,20:02.5,24,9.7,3,8,11,11,17,28,None
33,None,jvb,2:00.7,20:07.0,24,None,2,None,2,2,None,2,None
33,None,Kay,2:09.4,21:33.7,24,6.7,1,6,7,5,18,23,None
34,/challenge/2011/09/,"4k, 2k, 1k, 500 m  with 2' rest",2011,9,D,7500
34,ribbons,name,pace,time,spm,pace,pace,gain,all,pace,gain,all
34,None,Rocky,1:42.9,25:43.5,28,-2.0,10,7,17,65,20,85,None
34,None,Stu,1:44.8,26:12.0,30,-2.1,9,6,15,59,24,83,None
34,None,DaveC,1:44.9,26:13.6,26,-1.4,8,8,16,55,21,76,None
34,None,GregC,1:46.5,26:38.0,29,-0.9,7,9,16,39,18,57,None
34,None,NavHaz,1:48.6,27:08.8,18,0.3,6,10,16,18,11,29,None
34,None,AndyB,1:50.1,27:31.5,27,-2.3,5,5,10,35,24,59,None
34,None,toddler,1:50.6,27:38.6,25,-3.7,4,2,6,36,23,59,None
34,None,DaveS,1:55.2,28:48.4,23,-4.3,3,1,4,26,18,44,None
34,None,Arlene,2:03.7,30:56.1,26,-3.4,2,3,5,13,20,33,None
34,None,Kay,2:12.2,33:03.1,26,-2.8,1,4,5,6,22,28,None
35,/challenge/2011/10/,"250, 500, 750, 1k,  750, 500, 250 (1' rest)",2011,10,D,4000
35,ribbons,name,pace,time,spm,pace,pace,gain,all,pace,gain,all
35,None,Rocky,1:37.7,13:01.8,28,5.2,13,3,16,78,23,101,None
35,None,Stu,1:38.5,13:08.0,34,6.3,12,5,17,71,29,100,None
35,None,DaveC,1:39.1,13:12.6,28,5.8,11,4,15,66,25,91,None
35,None,NavHaz,1:41.6,13:32.9,18,7.0,10,8,18,28,19,47,None
35,None,GregC,1:42.1,13:37.0,30,4.4,9,2,11,48,20,68,None
35,None,toddler,1:42.8,13:42.1,29,7.8,8,9,17,44,32,76,None
35,None,DaveS,1:43.4,13:47.4,30,11.8,7,10,17,33,28,61,None
35,None,AndyB,1:43.6,13:48.6,31,6.5,6,6,12,41,30,71,None
35,None,stupe,1:48.8,14:30.1,27,None,5,None,5,47,15,62,None
35,None,Hannah,1:49.3,14:34.6,30,None,4,None,4,16,9,25,None
35,None,Adrian,1:53.5,15:07.7,25,None,3,None,3,17,2,19,None
35,None,Arlene,2:00.0,16:00.1,28,3.7,2,1,3,15,21,36,None
35,None,Kay,2:05.4,16:43.0,29,6.8,1,7,8,7,29,36,None
36,/challenge/2011/11/,"20 minutes",2011,11,T,1200
36,ribbons,name,pace,meters,spm,pace,pace,gain,all,pace,gain,all
36,None,Rocky,1:43.6,5793,27,-5.9,14,7,21,92,30,122,None
36,None,Danny,1:43.7,5786,26,None,13,None,13,13,None,13,None
36,None,GregC,1:46.6,5628,26,-4.5,12,8,20,60,28,88,None
36,None,DaveC,1:47.2,5599,29,-8.1,11,3,14,77,28,105,None
36,None,Si,1:48.5,5530,19,None,10,None,10,44,None,44,None
36,None,DaveS,1:51.6,5378,26,-8.2,9,2,11,42,30,72,None
36,None,AndyB,1:51.8,5367,25,-8.2,8,2,10,49,32,81,None
36,None,toddler,1:52.2,5346,22,-9.4,7,1,8,51,33,84,None
36,None,Rocket,1:55.0,5217,26,None,6,None,6,33,23,56,None
36,None,Adrian,1:55.5,5197,26,-2.0,5,9,14,22,11,33,None
36,None,stupe,1:55.9,5177,22,-7.1,4,5,9,51,20,71,None
36,None,Hannah,1:57.1,5125,24,-7.8,3,4,7,19,13,32,None
36,None,Arlene,2:01.6,4935,27,-1.6,2,10,12,17,31,48,None
36,None,Kay,2:12.2,4540,25,-6.8,1,6,7,8,35,43,None
37,/challenge/2011/12/,"1k, 2k, 3k, 2k, 1k  (2' rest)",2011,12,D,9000
37,ribbons,name,pace,time,spm,pace,pace,gain,all,pace,gain,all
37,None,Si,1:39.3,29:46.8,29,9.2,12,8,20,56,8,64,None
37,None,Rocky,1:43.1,30:55.4,27,0.5,11,5,16,103,35,138,None
37,None,GregC,1:45.7,31:42.2,28,0.9,10,7,17,70,35,105,None
37,None,DaveC,1:48.4,32:31.7,29,-1.2,9,4,13,86,32,118,None
37,None,AndyB,1:51.2,33:21.6,24,0.6,8,6,14,57,38,95,None
37,None,toddler,1:51.6,33:28.6,23,0.6,7,6,13,58,39,97,None
37,None,Stu,1:52.2,33:39.3,20,None,6,None,6,77,29,106,None
37,None,DaveS,1:53.2,33:57.5,26,-1.6,5,2,7,47,32,79,None
37,None,stupe,1:55.3,34:35.7,24,0.6,4,6,10,55,26,81,None
37,None,Adrian,1:57.4,35:13.3,25,-1.9,3,1,4,25,12,37,None
37,None,Arlene,2:00.7,36:12.4,27,0.9,2,7,9,19,38,57,None
37,None,Kay,2:13.7,40:06.6,26,-1.5,1,3,4,9,38,47,None
38,/challenge/2012/01/,"6  500 m, 1' rest",2012,1,D,3000
38,ribbons,name,pace,time,spm,pace,pace,gain,all,pace,gain,all
38,None,NavHaz,1:36.1,9:36.8,31,None,12,None,12,40,19,59,None
38,None,Stu,1:36.2,9:36.9,35,16.0,11,10,21,88,39,127,None
38,None,DaveC,1:38.2,9:49.4,30,10.2,10,8,18,96,40,136,None
38,None,GregC,1:40.2,10:01.3,31,5.5,9,3,12,79,38,117,None
38,None,AndyB,1:40.9,10:05.5,29,10.3,8,9,17,65,47,112,None
38,None,toddler,1:42.8,10:17.0,25,8.8,7,7,14,65,46,111,None
38,None,Hannah,1:48.2,10:49.0,29,None,6,None,6,25,13,38,None
38,None,stupe,1:48.4,10:50.6,26,6.9,5,5,10,60,31,91,None
38,None,DaveS,1:48.7,10:51.9,27,4.5,4,2,6,51,34,85,None
38,None,Adrian,1:53.1,11:18.6,26,4.3,3,1,4,28,13,41,None
38,None,Arlene,1:55.1,11:30.6,30,5.6,2,4,6,21,42,63,None
38,None,Kay,2:05.5,12:32.7,27,8.2,1,6,7,10,44,54,None
39,/challenge/2012/02/,"for Carole McNally: 5  1402 m, 2'20 rest",2012,2,D,7010
39,ribbons,name,pace,time,spm,pace,pace,gain,all,pace,gain,all
39,None,ausrwr,1:37.7,22:50.4,24,None,19,None,19,19,None,19,None
39,None,Si,1:39.1,23:09.7,27,None,18,None,18,74,8,82,None
39,None,Stu,1:42.7,23:59.6,31,-6.5,17,3,20,105,42,147,None
39,None,NavHaz,1:42.9,24:03.2,24,-6.8,16,1,17,56,20,76,None
39,None,Rocky,1:44.7,24:28.4,24,None,15,None,15,118,35,153,None
39,None,DaveC,1:44.8,24:29.6,26,-6.6,14,2,16,110,42,152,None
39,None,GregC,1:45.9,24:44.2,27,-5.7,13,5,18,92,43,135,None
39,None,AndyB,1:46.6,24:54.3,26,-5.7,12,5,17,77,52,129,None
39,None,stupe,1:47.8,25:11.2,25,0.6,11,9,20,71,40,111,None
39,None,toddler,1:48.3,25:17.9,24,-5.5,10,6,16,75,52,127,None
39,None,MattN,1:48.8,25:25.0,29,None,9,None,9,20,None,20,None
39,None,DaveS,1:53.0,26:24.6,25,-4.3,8,8,16,59,42,101,None
39,None,Hannah,1:53.3,26:28.6,28,-5.1,7,7,14,32,20,52,None
39,None,Rocket,1:53.4,26:30.2,26,None,6,None,6,39,23,62,None
39,None,Graham,1:55.2,26:54.5,None,None,5,None,5,5,None,5,None
39,None,Adrian,1:57.4,27:26.5,25,-4.3,4,8,12,32,21,53,None
39,None,Arlene,2:00.9,28:15.3,28,-5.8,3,4,7,24,46,70,None
39,None,Kay,2:10.6,30:30.5,26,-5.1,2,7,9,12,51,63,None
39,None,Jane,2:23.3,33:28.8,None,None,1,None,1,2,None,2,None
40,/challenge/2012/03/,"3  2000 m, 5' rest",2012,3,D,6000
40,ribbons,name,pace,time,spm,pace,pace,gain,all,pace,gain,all
40,None,DaveC,1:41.1,20:13.7,30,3.7,12,10,22,122,52,174,None
40,None,Stu,1:42.2,20:26.4,33,0.5,11,7,18,116,49,165,None
40,None,GregC,1:46.8,21:22.6,29,-0.9,10,4,14,102,47,149,None
40,None,stupe,1:47.2,21:27.1,26,0.6,9,8,17,80,48,128,None
40,None,Rocket,1:47.5,21:30.5,28,5.9,8,11,19,47,34,81,None
40,None,toddler,1:48.8,21:46.2,25,-0.5,7,5,12,82,57,139,None
40,None,AndyB,1:50.5,22:06.0,24,-3.9,6,1,7,83,53,136,None
40,None,DaveS,1:52.3,22:28.2,25,0.7,5,9,14,64,51,115,None
40,None,Hannah,1:53.3,22:40.5,28,0.0,4,6,10,36,26,62,None
40,None,Adrian,1:58.3,23:40.3,20,-0.9,3,4,7,35,25,60,None
40,None,Arlene,2:04.0,24:48.3,27,-3.1,2,2,4,26,48,74,None
40,None,Kay,2:11.7,26:21.3,25,-1.1,1,3,4,13,54,67,None
41,/challenge/2012/04/,"1609 m",2012,4,D,1609
41,ribbons,name,pace,time,spm,pace,pace,gain,all,pace,gain,all
41,None,DaveC,1:38.8,5:18.0,32,2.3,11,5,16,133,57,190,None
41,None,Stu,1:39.8,5:21.3,33,2.4,10,6,16,126,55,181,None
41,None,GregC,1:43.0,5:31.3,32,3.8,9,9,18,111,56,167,None
41,None,toddler,1:43.6,5:33.3,28,5.2,8,10,18,90,67,157,None
41,None,stupe,1:46.1,5:41.3,27,1.1,7,3,10,87,51,138,None
41,None,Rocket,1:46.7,5:43.3,30,0.8,6,2,8,53,36,89,None
41,None,Hannah,1:49.6,5:52.7,29,3.7,5,8,13,41,34,75,None
41,None,DaveS,1:50.1,5:54.2,29,2.2,4,4,8,68,55,123,None
41,None,AndyB,1:51.3,5:58.2,24,-0.8,3,1,4,86,54,140,None
41,None,Arlene,2:01.0,6:29.4,28,3.0,2,7,9,28,55,83,None
41,None,Kay,2:04.2,6:39.8,28,7.5,1,11,12,14,65,79,None
42,/challenge/2012/05/,"8000 m strapless",2012,5,D,8000
42,ribbons,name,pace,time,spm,pace,pace,gain,all,pace,gain,all
42,None,Stu,1:46.5,28:25.4,28,None,12,None,12,12,None,12,None
42,None,DaveC,1:46.6,28:25.9,29,None,11,None,11,11,None,11,None
42,None,Rocky,1:49.4,29:11.9,22,None,10,None,10,10,None,10,None
42,None,stupe,1:50.5,29:29.0,23,None,9,None,9,9,None,9,None
42,None,AndyB,1:50.9,29:34.4,23,None,8,None,8,8,None,8,None
42,None,GregC,1:51.8,29:49.3,25,None,7,None,7,7,None,7,None
42,None,toddler,1:54.4,30:31.3,21,None,6,None,6,6,None,6,None
42,None,Rocket,1:56.3,31:01.3,26,None,5,None,5,5,None,5,None
42,None,DaveS,1:57.7,31:23.7,23,None,4,None,4,4,None,4,None
42,None,Hannah,2:01.8,32:28.9,23,None,3,None,3,3,None,3,None
42,None,Arlene,2:18.0,36:48.4,23,None,2,None,2,2,None,2,None
42,None,Kay,2:21.4,37:43.9,26,None,1,None,1,1,None,1,None
43,/challenge/2012/06/,"4k, 2k, 1k with 3' rest",2012,6,D,7000
43,ribbons,name,pace,time,spm,pace,pace,gain,all,pace,gain,all
43,None,Si,1:40.8,23:32.0,23,None,12,None,12,12,None,12,None
43,None,Stu,1:44.4,24:21.6,28,2.1,11,3,14,23,3,26,None
43,None,DaveC,1:44.4,24:21.8,26,2.2,10,4,14,21,4,25,None
43,None,Rocky,1:44.6,24:25.4,24,4.8,9,7,16,19,7,26,None
43,None,GregC,1:48.0,25:12.8,28,3.8,8,5,13,15,5,20,None
43,None,stupe,1:52.1,26:10.3,24,-1.6,7,1,8,16,1,17,None
43,None,Rocket,1:52.2,26:11.9,27,4.1,6,6,12,11,6,17,None
43,None,toddler,1:54.6,26:44.5,23,-0.2,5,2,7,11,2,13,None
43,None,Hannah,1:56.7,27:14.1,26,5.1,4,8,12,7,8,15,None
43,None,Adrian,1:58.5,27:39.8,25,None,3,None,3,3,None,3,None
43,None,Arlene,2:10.5,30:27.8,25,7.5,2,10,12,4,10,14,None
43,None,Kay,2:14.2,31:18.8,25,7.2,1,9,10,2,9,11,None
44,/challenge/2012/07/,"6000 m",2012,7,D,6000
44,ribbons,name,pace,time,spm,pace,pace,gain,all,pace,gain,all
44,None,Stu,1:45.4,21:04.9,28,-1.0,12,5,17,35,8,43,None
44,None,Si,1:45.5,21:06.0,20,-4.7,11,3,14,23,3,26,None
44,None,DaveC,1:46.9,21:23.8,25,-2.5,10,4,14,31,8,39,None
44,None,stupe,1:47.3,21:28.0,26,4.8,9,9,18,25,10,35,None
44,None,AndyB,1:49.2,21:50.4,24,None,8,None,8,16,None,16,None
44,None,GregC,1:52.8,22:33.9,25,-4.8,7,2,9,22,7,29,None
44,None,toddler,1:53.8,22:46.2,22,0.8,6,7,13,17,9,26,None
44,None,Hannah,1:55.8,23:10.0,26,0.9,5,8,13,12,16,28,None
44,None,DaveS,2:04.4,24:53.2,22,None,4,None,4,8,None,8,None
44,None,Arlene,2:04.5,24:54.9,27,6.0,3,10,13,7,20,27,None
44,None,Adrian,2:04.7,24:56.4,19,-6.2,2,1,3,5,1,6,None
44,None,Kay,2:14.1,26:49.9,26,0.1,1,6,7,3,15,18,None
45,/challenge/2012/08/,"100, 200, 400,  800, 1500 (2' rest)",2012,8,D,3000
45,ribbons,name,pace,time,spm,pace,pace,gain,all,pace,gain,all
45,None,DaveC,1:40.0,10:00.3,30,6.9,10,7,17,41,15,56,None
45,None,Stu,1:41.5,10:09.0,35,3.9,9,3,12,44,11,55,None
45,None,toddler,1:43.9,10:23.4,31,9.9,8,9,17,25,18,43,None
45,None,GregC,1:46.6,10:39.9,27,6.2,7,6,13,29,13,42,None
45,None,Adrian,1:48.4,10:50.5,28,16.3,6,10,16,11,11,22,None
45,None,AndyB,1:49.6,10:57.6,23,-0.4,5,2,7,21,2,23,None
45,None,Hannah,1:49.9,10:59.4,30,5.9,4,5,9,16,21,37,None
45,None,stupe,1:50.2,11:01.4,28,-2.9,3,1,4,28,11,39,None
45,None,Arlene,2:00.4,12:02.9,29,4.1,2,4,6,9,24,33,None
45,None,Kay,2:05.6,12:33.8,31,8.5,1,8,9,4,23,27,None
46,/challenge/2012/09/,"900 m",2012,9,D,2012
46,ribbons,name,pace,time,spm,pace,pace,gain,all,pace,gain,all
46,None,NavHaz,1:35.0,2:51.0,25,None,12,None,12,12,None,12,None
46,None,Stu,1:35.6,2:52.0,38,5.9,11,7,18,55,18,73,None
46,None,DaveC,1:35.7,2:52.2,33,4.3,10,4,14,51,19,70,None
46,None,toddler,1:38.3,2:57.0,30,5.6,9,6,15,34,24,58,None
46,None,stupe,1:39.3,2:58.7,29,10.9,8,9,17,36,20,56,None
46,None,Adrian,1:39.8,2:59.7,31,8.6,7,8,15,18,19,37,None
46,None,GregC,1:44.0,3:07.2,31,2.6,6,3,9,35,16,51,None
46,None,Rocket,1:44.4,3:08.0,30,None,5,None,5,16,6,22,None
46,None,Hannah,1:47.9,3:14.2,29,2.0,4,1,5,20,22,42,None
46,None,DaveS,1:52.2,3:22.0,26,None,3,None,3,11,None,11,None
46,None,Arlene,1:55.9,3:28.6,31,4.5,2,5,7,11,29,40,None
46,None,Kay,2:03.2,3:41.7,30,2.4,1,2,3,5,25,30,None
47,/challenge/2012/10/,"10,000 m",2012,10,D,10000
47,ribbons,name,pace,time,spm,pace,pace,gain,all,pace,gain,all
47,None,Stu,1:46.7,35:33.5,28,-11.1,13,8,21,68,26,94,None
47,None,stupe,1:50.2,36:44.8,24,-10.9,12,9,21,48,29,77,None
47,None,AndyB,1:52.3,37:26.3,22,None,11,None,11,32,2,34,None
47,None,DaveC,1:52.4,37:28.6,24,-16.7,10,2,12,61,21,82,None
47,None,toddler,1:54.7,38:14.4,21,-16.4,9,3,12,43,27,70,None
47,None,Rocky,1:55.2,38:23.5,22,None,8,None,8,27,7,34,None
47,None,GregC,1:58.8,39:36.8,19,-14.8,7,6,13,42,22,64,None
47,None,Rocket,1:59.4,39:47.5,19,-15.0,6,5,11,22,11,33,None
47,None,Hannah,2:00.1,40:02.8,23,-12.2,5,7,12,25,29,54,None
47,None,Arlene,2:06.6,42:11.6,25,-10.7,4,10,14,15,39,54,None
47,None,DaveS,2:07.2,42:24.8,21,-15.0,3,5,8,14,5,19,None
47,None,Adrian,2:13.3,44:26.2,22,-33.5,2,1,3,20,20,40,None
47,None,Kay,2:19.3,46:26.2,27,-16.1,1,4,5,6,29,35,None
48,/challenge/2012/11/,"10  1', 1' rest",2012,11,T,600
48,ribbons,name,pace,time,spm,pace,pace,gain,all,pace,gain,all
48,None,NavHaz,1:32.1,3259,28,None,12,None,12,24,None,24,None
48,None,Stu,1:33.8,3199,38,12.9,11,3,14,79,29,108,None
48,None,DaveC,1:35.1,3155,35,17.3,10,6,16,71,27,98,None
48,None,AndyB,1:36.5,3108,31,15.8,9,5,14,41,7,48,None
48,None,toddler,1:37.2,3087,29,17.5,8,7,15,51,34,85,None
48,None,Rocket,1:38.6,3042,32,20.8,7,9,16,29,20,49,None
48,None,stupe,1:38.7,3038,30,11.5,6,2,8,54,31,85,None
48,None,GregC,1:41.1,2967,30,17.7,5,8,13,47,30,77,None
48,None,Adrian,1:44.0,2885,29,29.3,4,11,15,24,31,55,None
48,None,Hannah,1:44.6,2868,32,15.5,3,4,7,28,33,61,None
48,None,Kay,1:58.3,2536,29,21.0,2,10,12,8,39,47,None
48,None,Arlene,2:13.5,2247,22,-6.9,1,1,2,16,40,56,None
49,/challenge/2012/12/,"30 minutes",2012,12,T,1800
49,ribbons,name,pace,time,spm,pace,pace,gain,all,pace,gain,all
49,None,Stu,1:46.6,8443,28,-12.8,11,8,19,90,37,127,None
49,None,stupe,1:48.7,8278,25,-10.0,10,10,20,64,41,105,None
49,None,DaveC,1:50.1,8171,24,-15.0,9,5,14,80,32,112,None
49,None,AndyB,1:51.4,8079,22,-14.9,8,6,14,49,13,62,None
49,None,GregC,1:51.8,8052,24,-10.7,7,9,16,54,39,93,None
49,None,Rocket,1:54.2,7880,26,-15.6,6,4,10,35,24,59,None
49,None,toddler,1:59.8,7511,20,-22.6,5,1,6,56,35,91,None
49,None,Adrian,2:02.3,7361,20,-18.3,4,3,7,28,34,62,None
49,None,Hannah,2:05.0,7199,23,-20.4,3,2,5,31,35,66,None
49,None,Arlene,2:11.0,6869,24,2.5,2,11,13,18,51,69,None
49,None,Kay,2:12.0,6820,27,-13.7,1,7,8,9,46,55,None
50,/challenge/2013/01/,"8  500 m, 2' rest",2013,1,D,4000
50,ribbons,name,pace,time,spm,pace,pace,gain,all,pace,gain,all
50,None,Si,1:31.7,12:13.3,33,None,13,None,13,36,3,39,None
50,None,NavHaz,1:34.5,12:35.9,31,None,12,None,12,36,None,36,None
50,None,DaveC,1:36.0,12:47.9,31,14.1,11,5,16,91,37,128,None
50,None,Stu,1:36.5,12:51.7,37,10.1,10,3,13,100,40,140,None
50,None,Larry,1:36.6,12:52.6,33,None,9,None,9,9,None,9,None
50,None,stupe,1:39.0,13:12.1,30,9.7,8,2,10,72,43,115,None
50,None,GregC,1:40.4,13:22.9,30,11.4,7,4,11,61,43,104,None
50,None,toddler,1:43.2,13:45.7,27,16.6,6,8,14,62,43,105,None
50,None,Adrian,1:45.6,14:05.0,29,16.7,5,9,14,33,43,76,None
50,None,Hannah,1:49.8,14:38.7,28,15.2,4,6,10,35,41,76,None
50,None,DaveS,1:51.6,14:52.6,28,None,3,None,3,17,5,22,None
50,None,Arlene,1:55.0,15:20.3,30,16.0,2,7,9,20,58,78,None
50,None,Kay,2:02.5,16:20.2,30,9.5,1,1,2,10,47,57,None
51,/challenge/2013/02/,"2000 m",2013,2,D,2000
51,ribbons,name,pace,time,spm,pace,pace,gain,all,pace,gain,all
51,None,Phil,1:37.0,6:28.1,32,None,15,None,15,15,None,15,None
51,None,DaveC,1:38.4,6:33.6,32,-2.4,14,5,19,105,42,147,None
51,None,stupe,1:40.2,6:40.8,28,-1.2,13,7,20,85,50,135,None
51,None,GregC,1:40.3,6:41.3,30,0.1,12,8,20,73,51,124,None
51,None,Larry,1:41.8,6:47.2,30,-5.2,11,3,14,20,3,23,None
51,None,Stu,1:41.9,6:47.5,29,-5.4,10,2,12,110,42,152,None
51,None,toddler,1:41.9,6:47.6,26,1.3,9,10,19,71,53,124,None
51,None,MikeVB,1:42.4,6:49.6,33,None,8,None,8,8,None,8,None
51,None,Rocky,1:46.0,7:03.8,26,None,7,None,7,34,7,41,None
51,None,Rocket,1:46.5,7:06.0,28,None,6,None,6,41,24,65,None
51,None,Hannah,1:48.9,7:15.4,29,0.9,5,9,14,40,50,90,None
51,None,DaveS,1:55.6,7:42.2,26,-4.0,4,4,8,21,9,30,None
51,None,Adrian,2:00.8,8:03.0,20,-15.2,3,1,4,36,44,80,None
51,None,Kay,2:03.9,8:15.7,31,-1.4,2,6,8,12,53,65,None
51,None,MaryVB,2:20.3,9:21.0,28,None,1,None,1,1,None,1,None
52,/challenge/2013/03/,"1000 m",2013,3,D,1000
52,ribbons,name,pace,time,spm,pace,pace,gain,all,pace,gain,all
52,None,DaveC,1:34.2,3:08.3,37,4.2,12,6,18,117,48,165,None
52,None,Stu,1:36.4,3:12.8,36,5.5,11,8,19,121,50,171,None
52,None,stupe,1:36.7,3:13.4,32,3.5,10,5,15,95,55,150,None
52,None,MikeVB,1:37.7,3:15.4,37,4.7,9,7,16,17,7,24,None
52,None,toddler,1:38.8,3:17.6,30,3.1,8,4,12,79,57,136,None
52,None,GregC,1:38.9,3:17.8,33,1.4,7,1,8,80,52,132,None
52,None,AndyB,1:39.6,3:19.2,32,None,6,None,6,55,13,68,None
52,None,Rocket,1:41.0,3:22.0,29,5.5,5,8,13,46,32,78,None
52,None,Adrian,1:41.2,3:22.3,32,19.6,4,9,13,40,53,93,None
52,None,Hannah,1:47.2,3:34.3,30,1.7,3,2,5,43,52,95,None
52,None,Arlene,1:59.2,3:58.3,27,None,2,None,2,22,58,80,None
52,None,Kay,2:01.8,4:03.6,31,2.1,1,3,4,13,56,69,None
53,/challenge/,"21,097 m",2013,4,D,21097
53,ribbons,name,pace,time,spm,pace,pace,gain,all,pace,gain,all
53,None,Stu,1:49.9,1:17:15.6,25,-13.5,8,6,14,129,56,185,None
53,None,stupe,1:52.0,1:18:44.2,24,-15.3,7,5,12,102,60,162,None
53,None,DaveC,1:55.5,1:21:12.0,24,-21.3,6,2,8,123,50,173,None
53,None,toddler,1:58.4,1:23:17.7,20,-19.6,5,3,8,84,60,144,None
53,None,Hannah,2:04.5,1:27:33.5,23,-17.3,4,4,8,47,56,103,None
53,None,jvb,2:06.6,1:29:02.7,25,None,3,None,3,3,None,3,None
53,None,DaveS,2:11.8,1:32:39.1,20,None,2,None,2,23,9,32,None
53,None,Kay,2:27.9,1:43:59.9,26,-26.1,1,1,2,14,57,71,None
